https://www.fluorophores.tugraz.at/substance/18	Methanol		707, 651	728
https://www.fluorophores.tugraz.at/substance/331	EtOH		373, 354, 338	425, 404
https://www.fluorophores.tugraz.at/substance/330	hexane		347, 330, 316	393, 373, 354
https://www.fluorophores.tugraz.at/substance/332	EtOH		326, 305	330
https://www.fluorophores.tugraz.at/substance/501	cyclohexane		372, 353, 338	449, 425, 400
https://www.fluorophores.tugraz.at/substance/333	cyclohexane		373, 353, 337	449, 425, 400
https://www.fluorophores.tugraz.at/substance/603			375	477
https://www.fluorophores.tugraz.at/substance/17	NaOH 0.01 M	12.00	503	515
https://www.fluorophores.tugraz.at/substance/866	Cyclohexane		313	355
https://www.fluorophores.tugraz.at/substance/34	Methanol		462	586
https://www.fluorophores.tugraz.at/substance/604			582	595
https://www.fluorophores.tugraz.at/substance/503	cyclohexane		277, 270, 231	322, 300, 290
https://www.fluorophores.tugraz.at/substance/47	Chloroform		668, 573	679
https://www.fluorophores.tugraz.at/substance/528	benzene		432	588
https://www.fluorophores.tugraz.at/substance/14	TRIS 10 mM	9.00	493, 322	515
https://www.fluorophores.tugraz.at/substance/845	NaOH 0.1 M	12.00	599	680
https://www.fluorophores.tugraz.at/substance/29	Methanol		540, 356, 303	565
https://www.fluorophores.tugraz.at/substance/192	pH 9		504	525
https://www.fluorophores.tugraz.at/substance/605		9.00	504	525
https://www.fluorophores.tugraz.at/substance/847	NaOH 0.1 M	12.00	514	554
https://www.fluorophores.tugraz.at/substance/847	HCl 0.1 M	1.00	492	560
https://www.fluorophores.tugraz.at/substance/606		7.20	491	517
https://www.fluorophores.tugraz.at/substance/607		9.00	492, 322	518
https://www.fluorophores.tugraz.at/substance/608		7.00	578, 302, 267	604
https://www.fluorophores.tugraz.at/substance/609	methanol		357, 305, 256	567
https://www.fluorophores.tugraz.at/substance/171	pH 7		553	576
https://www.fluorophores.tugraz.at/substance/663		3.00	320	451
https://www.fluorophores.tugraz.at/substance/664		9.00	358	450
https://www.fluorophores.tugraz.at/substance/174	pH 7		525	547
https://www.fluorophores.tugraz.at/substance/176	pH 9		533	559
https://www.fluorophores.tugraz.at/substance/177	pH 9		520	548
https://www.fluorophores.tugraz.at/substance/610		9.00	520, 351, 285	548
https://www.fluorophores.tugraz.at/substance/178	pH 9		521	542
https://www.fluorophores.tugraz.at/substance/611			548	648
https://www.fluorophores.tugraz.at/substance/529	EtOH		459, 328	529
https://www.fluorophores.tugraz.at/substance/337	MeOH		323	382
https://www.fluorophores.tugraz.at/substance/64	CHCl3MeOH=1:1		320	
https://www.fluorophores.tugraz.at/substance/68	CHCl3:MeOH=1:...		376	515
https://www.fluorophores.tugraz.at/substance/338	cyclohexane		451, 434, 310, 271	498, 467
https://www.fluorophores.tugraz.at/substance/339	cyclohexane		296, 288, 279	330, 320, 302
https://www.fluorophores.tugraz.at/substance/867	Cyclohexane		347	360
https://www.fluorophores.tugraz.at/substance/596	CHCl3			587
https://www.fluorophores.tugraz.at/substance/579			444	622
https://www.fluorophores.tugraz.at/substance/340	EtOH		431, 307	520
https://www.fluorophores.tugraz.at/substance/613			502	526
https://www.fluorophores.tugraz.at/substance/341	EtOH		460	492
https://www.fluorophores.tugraz.at/substance/753			492	461, 264
https://www.fluorophores.tugraz.at/substance/124	water		659, 598	676
https://www.fluorophores.tugraz.at/substance/125	water		505	520
https://www.fluorophores.tugraz.at/substance/164	pH 8		340	440
https://www.fluorophores.tugraz.at/substance/615		7.20	401, 379	422
https://www.fluorophores.tugraz.at/substance/616		7.20	431, 277	540
https://www.fluorophores.tugraz.at/substance/166		7.20	431	541
https://www.fluorophores.tugraz.at/substance/167	H2O		490	510
https://www.fluorophores.tugraz.at/substance/617	H2O		493, 335, 309	519
https://www.fluorophores.tugraz.at/substance/618		8.00	499, 280	520
https://www.fluorophores.tugraz.at/substance/619	H2O		493, 308	517
https://www.fluorophores.tugraz.at/substance/228	PBS	7.20	503	525
https://www.fluorophores.tugraz.at/substance/229	PBS	8.00	519	543
https://www.fluorophores.tugraz.at/substance/237		7.20	534	553
https://www.fluorophores.tugraz.at/substance/621	H2O		554, 515	574
https://www.fluorophores.tugraz.at/substance/238		7.20	561	572
https://www.fluorophores.tugraz.at/substance/239		7.20	553	568
https://www.fluorophores.tugraz.at/substance/622	H2O		552, 520	599, 567
https://www.fluorophores.tugraz.at/substance/240		7.20	276	603
https://www.fluorophores.tugraz.at/substance/623	H2O		588	614
https://www.fluorophores.tugraz.at/substance/624	H2O		591	621
https://www.fluorophores.tugraz.at/substance/241	pH 7.2		280	618
https://www.fluorophores.tugraz.at/substance/230		10.00	613	630
https://www.fluorophores.tugraz.at/substance/242		7.20	611, 567, 496	627, 574
https://www.fluorophores.tugraz.at/substance/168	pH 7.		630, 581	645
https://www.fluorophores.tugraz.at/substance/231	PBS	7.20	633	648
https://www.fluorophores.tugraz.at/substance/629	H2O		650, 332, 259	668
https://www.fluorophores.tugraz.at/substance/243		7.20	653	668
https://www.fluorophores.tugraz.at/substance/244		7.20	654, 568, 497	666, 575
https://www.fluorophores.tugraz.at/substance/245		7.20	663	691
https://www.fluorophores.tugraz.at/substance/246		7.20	679	702
https://www.fluorophores.tugraz.at/substance/247		7.20	655	704
https://www.fluorophores.tugraz.at/substance/248		7.20	685, 570, 498	702, 574
https://www.fluorophores.tugraz.at/substance/249		7.20	696	719
https://www.fluorophores.tugraz.at/substance/250		7.20	752	779
https://www.fluorophores.tugraz.at/substance/630		7.20	782	805
https://www.fluorophores.tugraz.at/substance/1231	water : glyce...		439, 438	679
https://www.fluorophores.tugraz.at/substance/311	100 mM sodium...	7.20	654	660
https://www.fluorophores.tugraz.at/substance/445			467	496
https://www.fluorophores.tugraz.at/substance/187	pH 9	9.00	360	448
https://www.fluorophores.tugraz.at/substance/1318	water : glyce...		442	680
https://www.fluorophores.tugraz.at/substance/1229	water : glyce...		425	677
https://www.fluorophores.tugraz.at/substance/191	pH 7.2		513	537
https://www.fluorophores.tugraz.at/substance/1135			571	584
https://www.fluorophores.tugraz.at/substance/638		7.50	568	581
https://www.fluorophores.tugraz.at/substance/1329	water : glyce...		439	683
https://www.fluorophores.tugraz.at/substance/343	cyclohexane		376, 356, 339	397, 375
https://www.fluorophores.tugraz.at/substance/1334	water			
https://www.fluorophores.tugraz.at/substance/188	pH 7.5		651	660
https://www.fluorophores.tugraz.at/substance/446			586	600
https://www.fluorophores.tugraz.at/substance/843	Water		390	479
https://www.fluorophores.tugraz.at/substance/148	water		436	484
https://www.fluorophores.tugraz.at/substance/849	PBS	7.40	433	547
https://www.fluorophores.tugraz.at/substance/149	water		453	507
https://www.fluorophores.tugraz.at/substance/150	water		500	525
https://www.fluorophores.tugraz.at/substance/850	PBS	7.40	496	661
https://www.fluorophores.tugraz.at/substance/151	water		495	527
https://www.fluorophores.tugraz.at/substance/851	Water		511	533
https://www.fluorophores.tugraz.at/substance/152	water		524, 345	545
https://www.fluorophores.tugraz.at/substance/844	Water		533	553
https://www.fluorophores.tugraz.at/substance/153	water		553, 358	576
https://www.fluorophores.tugraz.at/substance/154	water		563, 364	592
https://www.fluorophores.tugraz.at/substance/155	water		594	624
https://www.fluorophores.tugraz.at/substance/852	Water		602	627
https://www.fluorophores.tugraz.at/substance/156	water		614	634
https://www.fluorophores.tugraz.at/substance/157	water		618, 408, 302	642
https://www.fluorophores.tugraz.at/substance/762	water		629	657
https://www.fluorophores.tugraz.at/substance/158	water		635	658
https://www.fluorophores.tugraz.at/substance/159	water		644, 366, 312	670
https://www.fluorophores.tugraz.at/substance/763	water		644	669
https://www.fluorophores.tugraz.at/substance/160	water		663, 305	683
https://www.fluorophores.tugraz.at/substance/864	Water		663	685
https://www.fluorophores.tugraz.at/substance/161	water		680	700
https://www.fluorophores.tugraz.at/substance/162	water		699	719
https://www.fluorophores.tugraz.at/substance/853	Water		728	751
https://www.fluorophores.tugraz.at/substance/854	Water		743	763
https://www.fluorophores.tugraz.at/substance/863	Water		655	681
https://www.fluorophores.tugraz.at/substance/856	Water		566	593
https://www.fluorophores.tugraz.at/substance/855	Water		535	560
https://www.fluorophores.tugraz.at/substance/857	Water		570	596
https://www.fluorophores.tugraz.at/substance/858	Water		572	608
https://www.fluorophores.tugraz.at/substance/861	Water		599	626
https://www.fluorophores.tugraz.at/substance/862	Water		624	650
https://www.fluorophores.tugraz.at/substance/860	Water		584	608
https://www.fluorophores.tugraz.at/substance/859	Water		579	606
https://www.fluorophores.tugraz.at/substance/345	H2O		431, 370	
https://www.fluorophores.tugraz.at/substance/448			494	505
https://www.fluorophores.tugraz.at/substance/447			492	504
https://www.fluorophores.tugraz.at/substance/1068			549	575
https://www.fluorophores.tugraz.at/substance/189	pH 5.5		484	520
https://www.fluorophores.tugraz.at/substance/190	pH 9		501	527
https://www.fluorophores.tugraz.at/substance/347	cyclohexane		255	303
https://www.fluorophores.tugraz.at/substance/531			476	507
https://www.fluorophores.tugraz.at/substance/351	cyclohexane		247	326, 313, 303
https://www.fluorophores.tugraz.at/substance/126	water		555, 523, 453	581
https://www.fluorophores.tugraz.at/substance/1260	water : glyce...		622	682
https://www.fluorophores.tugraz.at/substance/1008	DNA		280	482
https://www.fluorophores.tugraz.at/substance/1009	DNA		574	604
https://www.fluorophores.tugraz.at/substance/179	DNA		256	484
https://www.fluorophores.tugraz.at/substance/180	DNA		570	605
https://www.fluorophores.tugraz.at/substance/639	methanol		625	641
https://www.fluorophores.tugraz.at/substance/1006	MeOH		646	664
https://www.fluorophores.tugraz.at/substance/636	methanol		502	511
https://www.fluorophores.tugraz.at/substance/640		7.20	505	512
https://www.fluorophores.tugraz.at/substance/641	methanol		528, 335	547
https://www.fluorophores.tugraz.at/substance/643	methanol		544, 271	570
https://www.fluorophores.tugraz.at/substance/644	methanol		588, 312	621
https://www.fluorophores.tugraz.at/substance/1007		7.00	590	621
https://www.fluorophores.tugraz.at/substance/642		7.00	590	621
https://www.fluorophores.tugraz.at/substance/1059	toluene		516	536
https://www.fluorophores.tugraz.at/substance/1057	toluene		515	527
https://www.fluorophores.tugraz.at/substance/1058	toluene		503	521
https://www.fluorophores.tugraz.at/substance/353	MeOH		544	557
https://www.fluorophores.tugraz.at/substance/352	MeOH		544, 514	557
https://www.fluorophores.tugraz.at/substance/354	EtOH		485	497
https://www.fluorophores.tugraz.at/substance/355	EtOH		559, 295	625, 571
https://www.fluorophores.tugraz.at/substance/356	PrOH (n-Propa...		560	572
https://www.fluorophores.tugraz.at/substance/357	MeOH		638	657
https://www.fluorophores.tugraz.at/substance/358	EtOH		582	603
https://www.fluorophores.tugraz.at/substance/359	EtOH		656	674
https://www.fluorophores.tugraz.at/substance/360	EtOH		743	771
https://www.fluorophores.tugraz.at/substance/361	EtOH		687	712
https://www.fluorophores.tugraz.at/substance/597	Chloroform			505
https://www.fluorophores.tugraz.at/substance/313	100 mM sodium...	7.00	619	642
https://www.fluorophores.tugraz.at/substance/1010		9.00	494	514
https://www.fluorophores.tugraz.at/substance/232	PBS pH 7.5		575	591
https://www.fluorophores.tugraz.at/substance/645		7.20	589	609
https://www.fluorophores.tugraz.at/substance/646		7.20	507	529
https://www.fluorophores.tugraz.at/substance/647		7.20	549, 353	574
https://www.fluorophores.tugraz.at/substance/273	50 mM carbona...	9.40	254	432
https://www.fluorophores.tugraz.at/substance/1012		6.00	549	586
https://www.fluorophores.tugraz.at/substance/1011		9.00	576	639
https://www.fluorophores.tugraz.at/substance/233		10.00	599, 423, 361	674
https://www.fluorophores.tugraz.at/substance/648		7.00	401, 380	419
https://www.fluorophores.tugraz.at/substance/649		8.00	399	549
https://www.fluorophores.tugraz.at/substance/127	water		482	540
https://www.fluorophores.tugraz.at/substance/415			465	558
https://www.fluorophores.tugraz.at/substance/1100			552	570
https://www.fluorophores.tugraz.at/substance/650			598, 316	625
https://www.fluorophores.tugraz.at/substance/651		7.20	400	452
https://www.fluorophores.tugraz.at/substance/1097			648	657
https://www.fluorophores.tugraz.at/substance/1099		9.00	362	463
https://www.fluorophores.tugraz.at/substance/652		7.20	586	614
https://www.fluorophores.tugraz.at/substance/653		7.20	404	526
https://www.fluorophores.tugraz.at/substance/1131	PBS	7.40	407	452
https://www.fluorophores.tugraz.at/substance/1130	PBS	7.40	407	431
https://www.fluorophores.tugraz.at/substance/1132	PBS	7.40	489	516
https://www.fluorophores.tugraz.at/substance/1133	PBS	7.40	543	563
https://www.fluorophores.tugraz.at/substance/1134	PBS	7.40	554	568
https://www.fluorophores.tugraz.at/substance/449			451, 435	503, 477
https://www.fluorophores.tugraz.at/substance/1136			491	517
https://www.fluorophores.tugraz.at/substance/1129	PBS	7.40	348	450
https://www.fluorophores.tugraz.at/substance/1192	PBS		487	513
https://www.fluorophores.tugraz.at/substance/1313	water : glyce...		421	682
https://www.fluorophores.tugraz.at/substance/1303	water : glyce...		437	681
https://www.fluorophores.tugraz.at/substance/1242	water : glyce...		436	685
https://www.fluorophores.tugraz.at/substance/1249	water : glyce...		436	687
https://www.fluorophores.tugraz.at/substance/1250	water : glyce...		377	686
https://www.fluorophores.tugraz.at/substance/1232	water : glyce...		382	707
https://www.fluorophores.tugraz.at/substance/532			655	667
https://www.fluorophores.tugraz.at/substance/533			638	646
https://www.fluorophores.tugraz.at/substance/1251	water : glyce...		437	687
https://www.fluorophores.tugraz.at/substance/434	saline (PO4) ...		386	433
https://www.fluorophores.tugraz.at/substance/803	PBS		494	519
https://www.fluorophores.tugraz.at/substance/805	PBS		494	628
https://www.fluorophores.tugraz.at/substance/804	PBS		505	
https://www.fluorophores.tugraz.at/substance/806	PBS		545	561
https://www.fluorophores.tugraz.at/substance/807	PBS		642	660
https://www.fluorophores.tugraz.at/substance/1310	water : glyce...		439	678
https://www.fluorophores.tugraz.at/substance/1325	water : glyce...			
https://www.fluorophores.tugraz.at/substance/1325	water : glyce...			
https://www.fluorophores.tugraz.at/substance/1325	water : glyce...		377	687
https://www.fluorophores.tugraz.at/substance/1075			515	529
https://www.fluorophores.tugraz.at/substance/450			515	530
https://www.fluorophores.tugraz.at/substance/1220	H2O, entrappe...		707	729
https://www.fluorophores.tugraz.at/substance/1217	H2O		688	714
https://www.fluorophores.tugraz.at/substance/1137			505	525
https://www.fluorophores.tugraz.at/substance/567	EtOH		375	445
https://www.fluorophores.tugraz.at/substance/572	EtOH		456	500
https://www.fluorophores.tugraz.at/substance/59	ethanol		460	500
https://www.fluorophores.tugraz.at/substance/569	acetonitrile		406	478
https://www.fluorophores.tugraz.at/substance/570	EtOH		436	476
https://www.fluorophores.tugraz.at/substance/752	Polystyren		445	475
https://www.fluorophores.tugraz.at/substance/571	EtOH		443	462
https://www.fluorophores.tugraz.at/substance/600	Chloroform			505
https://www.fluorophores.tugraz.at/substance/573	EtOH		603, 320	622
https://www.fluorophores.tugraz.at/substance/314	100 mM sodium...	7.00	611	639
https://www.fluorophores.tugraz.at/substance/315	100 mM sodium...	7.20	644	658
https://www.fluorophores.tugraz.at/substance/316	100 mM sodium...	7.20	539	576
https://www.fluorophores.tugraz.at/substance/317	100 mM sodium...	7.20	557	581
https://www.fluorophores.tugraz.at/substance/318	100 mM sodium...	7.20	564	597
https://www.fluorophores.tugraz.at/substance/319	0		564	615
https://www.fluorophores.tugraz.at/substance/1051	glycerol		592	638
https://www.fluorophores.tugraz.at/substance/534			422	528
https://www.fluorophores.tugraz.at/substance/416	Phspe Buffer ...		547	561
https://www.fluorophores.tugraz.at/substance/418	0		548	561
https://www.fluorophores.tugraz.at/substance/654		7.20	554	566
https://www.fluorophores.tugraz.at/substance/417	Phspe Buffer ...		576, 540	637, 589
https://www.fluorophores.tugraz.at/substance/419	Phspe Buffer ...			571
https://www.fluorophores.tugraz.at/substance/1024	PBS		559	573
https://www.fluorophores.tugraz.at/substance/421	0		649	667
https://www.fluorophores.tugraz.at/substance/423	Phspe Buffer ...		647	665
https://www.fluorophores.tugraz.at/substance/655		7.20	649	666
https://www.fluorophores.tugraz.at/substance/422	Phspe Buffer ...		672	692
https://www.fluorophores.tugraz.at/substance/425	Phspe Buffer ...		753	775
https://www.fluorophores.tugraz.at/substance/1196	Phspe Buffer ...		549, 548, 547, 517	554
https://www.fluorophores.tugraz.at/substance/1143	Ethanol		651	668
https://www.fluorophores.tugraz.at/substance/1200	Phspe Buffer ...		549, 548, 547	554
https://www.fluorophores.tugraz.at/substance/1294	dichlorometha...		488	503
https://www.fluorophores.tugraz.at/substance/1293	dichlorometha...		488	502
https://www.fluorophores.tugraz.at/substance/1252	water : glyce...		440	689
https://www.fluorophores.tugraz.at/substance/1315	water : glyce...		437	681
https://www.fluorophores.tugraz.at/substance/427		4.67	640	664
https://www.fluorophores.tugraz.at/substance/1025			468	679
https://www.fluorophores.tugraz.at/substance/656			502, 364	523
https://www.fluorophores.tugraz.at/substance/1070			515	610
https://www.fluorophores.tugraz.at/substance/657	methanol		454	523
https://www.fluorophores.tugraz.at/substance/658		7.20	495	519
https://www.fluorophores.tugraz.at/substance/1026			391	474
https://www.fluorophores.tugraz.at/substance/659	methanol		334	526
https://www.fluorophores.tugraz.at/substance/1052	dioxane		262	492
https://www.fluorophores.tugraz.at/substance/1296	DCM		560	577
https://www.fluorophores.tugraz.at/substance/1013	DNA		358	461
https://www.fluorophores.tugraz.at/substance/274	10 mM TRIS bu...	7.40	342	500
https://www.fluorophores.tugraz.at/substance/275	dsDNA, 10 mM ...	7.40	359	457
https://www.fluorophores.tugraz.at/substance/276	ssDNA, 10 mM ...	7.40	359	457
https://www.fluorophores.tugraz.at/substance/1053	DMSO		353	465
https://www.fluorophores.tugraz.at/substance/1054	H2O		344	489
https://www.fluorophores.tugraz.at/substance/660	methanol		374, 373, 280	579
https://www.fluorophores.tugraz.at/substance/1050	EtOH		710	717
https://www.fluorophores.tugraz.at/substance/62	chloroform		470, 374	565
https://www.fluorophores.tugraz.at/substance/535	EtOH		471, 372, 352	627, 601
https://www.fluorophores.tugraz.at/substance/1055	acetonitrile ...		458	624
https://www.fluorophores.tugraz.at/substance/1056			464	624
https://www.fluorophores.tugraz.at/substance/277	H2O:isopropan...		653	660
https://www.fluorophores.tugraz.at/substance/278			526	595
https://www.fluorophores.tugraz.at/substance/661			467	631
https://www.fluorophores.tugraz.at/substance/44	Chloroform		523, 338	595
https://www.fluorophores.tugraz.at/substance/36	Glycerin		449	582
https://www.fluorophores.tugraz.at/substance/1216	H2O		683	704
https://www.fluorophores.tugraz.at/substance/1219	H2O, entrappe...		700	723
https://www.fluorophores.tugraz.at/substance/662			648	670
https://www.fluorophores.tugraz.at/substance/665			551	569
https://www.fluorophores.tugraz.at/substance/234	phospholipid ...		551, 520	569
https://www.fluorophores.tugraz.at/substance/666			489	506
https://www.fluorophores.tugraz.at/substance/667			750	782
https://www.fluorophores.tugraz.at/substance/1253	water : glyce...		440	693
https://www.fluorophores.tugraz.at/substance/279			450	493
https://www.fluorophores.tugraz.at/substance/280	0		484	507
https://www.fluorophores.tugraz.at/substance/1014		4.00	494	530
https://www.fluorophores.tugraz.at/substance/536	EtOH		470	491
https://www.fluorophores.tugraz.at/substance/538			501, 427	585, 552
https://www.fluorophores.tugraz.at/substance/836	Ethanol/Aqueo...		534	593
https://www.fluorophores.tugraz.at/substance/837	Ethanol/Aqueo...		504	593
https://www.fluorophores.tugraz.at/substance/838	Ethanol/Aqueo...		532	593
https://www.fluorophores.tugraz.at/substance/838	Ethanol/Aqueo...		572	627
https://www.fluorophores.tugraz.at/substance/281	Bangs Lab		501	510
https://www.fluorophores.tugraz.at/substance/530			672, 620, 318	683
https://www.fluorophores.tugraz.at/substance/453			545	572
https://www.fluorophores.tugraz.at/substance/452			559, 486, 335	583
https://www.fluorophores.tugraz.at/substance/1037			556	583
https://www.fluorophores.tugraz.at/substance/1091			555	589
https://www.fluorophores.tugraz.at/substance/1092			554	591
https://www.fluorophores.tugraz.at/substance/455			556, 477, 334	584
https://www.fluorophores.tugraz.at/substance/1088			554	581
https://www.fluorophores.tugraz.at/substance/1243	water : glyce...		437	687
https://www.fluorophores.tugraz.at/substance/1244	water : glyce...		672, 670	681
https://www.fluorophores.tugraz.at/substance/1149	PBS	7.50	349	610
https://www.fluorophores.tugraz.at/substance/1062	EtOH		499	628
https://www.fluorophores.tugraz.at/substance/89	0		499	628
https://www.fluorophores.tugraz.at/substance/1063	EtOH		482	561
https://www.fluorophores.tugraz.at/substance/91	Ethanol		480	560
https://www.fluorophores.tugraz.at/substance/1064	EtOH		480	551
https://www.fluorophores.tugraz.at/substance/81	Ethanol		480	552
https://www.fluorophores.tugraz.at/substance/1065	EtOH		505	566
https://www.fluorophores.tugraz.at/substance/92	Ethanol		506	566
https://www.fluorophores.tugraz.at/substance/1066	EtOH		516	664
https://www.fluorophores.tugraz.at/substance/93	Ethanol		515	660
https://www.fluorophores.tugraz.at/substance/1067	EtOH		557	574
https://www.fluorophores.tugraz.at/substance/1144	PBS		556	578
https://www.fluorophores.tugraz.at/substance/1144	EtOH		563	578
https://www.fluorophores.tugraz.at/substance/96	EtOH		541, 355	567
https://www.fluorophores.tugraz.at/substance/97	Ethanol		546, 356, 307	570
https://www.fluorophores.tugraz.at/substance/1223	PBS		557	582
https://www.fluorophores.tugraz.at/substance/1223	EtOH		556	576
https://www.fluorophores.tugraz.at/substance/98	EtOH		580	598
https://www.fluorophores.tugraz.at/substance/77	EtOH		580, 368	598
https://www.fluorophores.tugraz.at/substance/79	EtOH		621	642
https://www.fluorophores.tugraz.at/substance/99	EtOH		636	656
https://www.fluorophores.tugraz.at/substance/100	Ethanol		636	655
https://www.fluorophores.tugraz.at/substance/78	EtOH		637	658
https://www.fluorophores.tugraz.at/substance/101	Ethanol		647	670
https://www.fluorophores.tugraz.at/substance/104	Ethanol		645	671
https://www.fluorophores.tugraz.at/substance/105	Ethanol		652	673
https://www.fluorophores.tugraz.at/substance/1145	EtOH		657	679
https://www.fluorophores.tugraz.at/substance/1145	PBS		654	672
https://www.fluorophores.tugraz.at/substance/107	Ethanol		654	675
https://www.fluorophores.tugraz.at/substance/108	Ethanol		654	676
https://www.fluorophores.tugraz.at/substance/109	Ethanol		656	677
https://www.fluorophores.tugraz.at/substance/110	Ethanol		673	696
https://www.fluorophores.tugraz.at/substance/111	EtOH		674	695
https://www.fluorophores.tugraz.at/substance/112	Ethanol		674	699
https://www.fluorophores.tugraz.at/substance/113	Ethanol		691, 476, 369	709
https://www.fluorophores.tugraz.at/substance/114	Ethanol		691, 477, 369	709
https://www.fluorophores.tugraz.at/substance/115	EtOH		705, 479, 380	798, 730
https://www.fluorophores.tugraz.at/substance/116	Ethanol		707, 482, 381	797, 731
https://www.fluorophores.tugraz.at/substance/117	Ethanol		732	756
https://www.fluorophores.tugraz.at/substance/118	Ethanol		736	758
https://www.fluorophores.tugraz.at/substance/119	Ethanol		748	796, 776
https://www.fluorophores.tugraz.at/substance/120	Ethanol		751	796, 779
https://www.fluorophores.tugraz.at/substance/121	Ethanol		772, 534, 325	798
https://www.fluorophores.tugraz.at/substance/122	Ethanol		782, 519, 420	800
https://www.fluorophores.tugraz.at/substance/565	50 mM TRIS-HC...	8.00	402	480
https://www.fluorophores.tugraz.at/substance/566	50 mM TRIS-HC...	8.00		661
https://www.fluorophores.tugraz.at/substance/564	50 mM TRIS-HC...	8.00	560	605
https://www.fluorophores.tugraz.at/substance/562	50mM TRIS-HCl...	8.00		593
https://www.fluorophores.tugraz.at/substance/563	50 mM TRIS-HC...	8.00	606	692
https://www.fluorophores.tugraz.at/substance/588	PBS buffer	7.20	493	518
https://www.fluorophores.tugraz.at/substance/593	PBS buffer	7.20	553, 520	569
https://www.fluorophores.tugraz.at/substance/589	PBS buffer	7.20		
https://www.fluorophores.tugraz.at/substance/590	PBS buffer	7.20	620	651
https://www.fluorophores.tugraz.at/substance/591	PBS buffer	7.20	646	674
https://www.fluorophores.tugraz.at/substance/592	PBS buffer	7.20	676	705
https://www.fluorophores.tugraz.at/substance/1095			611	646
https://www.fluorophores.tugraz.at/substance/1093			539	560
https://www.fluorophores.tugraz.at/substance/1094			560	550
https://www.fluorophores.tugraz.at/substance/456			380	440
https://www.fluorophores.tugraz.at/substance/429	0		438	560
https://www.fluorophores.tugraz.at/substance/457	0		435	475
https://www.fluorophores.tugraz.at/substance/1043			431	476
https://www.fluorophores.tugraz.at/substance/430	0		430	507
https://www.fluorophores.tugraz.at/substance/458			489	511
https://www.fluorophores.tugraz.at/substance/459			488	509
https://www.fluorophores.tugraz.at/substance/1089			489	510
https://www.fluorophores.tugraz.at/substance/235		8.00	346	529
https://www.fluorophores.tugraz.at/substance/1044			489	510
https://www.fluorophores.tugraz.at/substance/1326	water : glyce...		439	682
https://www.fluorophores.tugraz.at/substance/602		7.40	555	583
https://www.fluorophores.tugraz.at/substance/282			525	564
https://www.fluorophores.tugraz.at/substance/1015		8.00	525	546
https://www.fluorophores.tugraz.at/substance/460	basic EtOH		525, 311	543
https://www.fluorophores.tugraz.at/substance/697	BES Buffer wi...	8.50	490, 390	610
https://www.fluorophores.tugraz.at/substance/1038			559	611
https://www.fluorophores.tugraz.at/substance/668			372, 282	557
https://www.fluorophores.tugraz.at/substance/1016		9.00	532	554
https://www.fluorophores.tugraz.at/substance/236			523	604
https://www.fluorophores.tugraz.at/substance/283			480	633
https://www.fluorophores.tugraz.at/substance/284	ss=ds		521	611
https://www.fluorophores.tugraz.at/substance/285			521	611
https://www.fluorophores.tugraz.at/substance/669			528	617
https://www.fluorophores.tugraz.at/substance/54	NaOH 100mM	13.00	523	538
https://www.fluorophores.tugraz.at/substance/55	HCl 100mM	1.00	522, 487, 402	546
https://www.fluorophores.tugraz.at/substance/286			641	680
https://www.fluorophores.tugraz.at/substance/500	EtOH		309	330
https://www.fluorophores.tugraz.at/substance/375	EtOH		309	330
https://www.fluorophores.tugraz.at/substance/288			467, 395, 383	622, 610, 590
https://www.fluorophores.tugraz.at/substance/287			339, 292	615, 595, 587
https://www.fluorophores.tugraz.at/substance/582	toluene		405, 325	618, 593, 580
https://www.fluorophores.tugraz.at/substance/1234	water : glyce...		436	703
https://www.fluorophores.tugraz.at/substance/1324	water : glyce...		439	683
https://www.fluorophores.tugraz.at/substance/289			499	527
https://www.fluorophores.tugraz.at/substance/123	Ethanol		635	663
https://www.fluorophores.tugraz.at/substance/1035			514	527
https://www.fluorophores.tugraz.at/substance/1128			441	530
https://www.fluorophores.tugraz.at/substance/1018		8.00	495	519
https://www.fluorophores.tugraz.at/substance/252		8.00	495	519
https://www.fluorophores.tugraz.at/substance/1046			509	529
https://www.fluorophores.tugraz.at/substance/294	Bangs Lab		658	688
https://www.fluorophores.tugraz.at/substance/670		7.20	511	530
https://www.fluorophores.tugraz.at/substance/435	saline (PO4) ...		508	530
https://www.fluorophores.tugraz.at/substance/253	Ca saturated		506	527
https://www.fluorophores.tugraz.at/substance/254	Ca saturated	7.20	494	516
https://www.fluorophores.tugraz.at/substance/1138			495	516
https://www.fluorophores.tugraz.at/substance/674		9.00	490	513
https://www.fluorophores.tugraz.at/substance/461	basic EtOH		500, 323	540
https://www.fluorophores.tugraz.at/substance/6	TRIS 10 mM	9.00	491, 322	514
https://www.fluorophores.tugraz.at/substance/672		8.00	489, 283	517
https://www.fluorophores.tugraz.at/substance/673		13.00	493	513
https://www.fluorophores.tugraz.at/substance/671		8.00	501	524
https://www.fluorophores.tugraz.at/substance/1017	0.1 M NaOH		493	513
https://www.fluorophores.tugraz.at/substance/462	EtOH (neutral...		482, 455, 225	514
https://www.fluorophores.tugraz.at/substance/255		8.00	501	524
https://www.fluorophores.tugraz.at/substance/751	Polystyren		443	510
https://www.fluorophores.tugraz.at/substance/675	H2O		356	414
https://www.fluorophores.tugraz.at/substance/676	H2O		620	646
https://www.fluorophores.tugraz.at/substance/677	H2O		656	683
https://www.fluorophores.tugraz.at/substance/678	H2O		540	559
https://www.fluorophores.tugraz.at/substance/679	H2O		576	607
https://www.fluorophores.tugraz.at/substance/680	H2O		503, 357	514
https://www.fluorophores.tugraz.at/substance/1071	CTC		468	735
https://www.fluorophores.tugraz.at/substance/1072	SDS		523	690
https://www.fluorophores.tugraz.at/substance/256	CHAPS micelle...		473	579
https://www.fluorophores.tugraz.at/substance/257	CHAPS micelle...		506, 344	751
https://www.fluorophores.tugraz.at/substance/128	water		581, 554, 482	600
https://www.fluorophores.tugraz.at/substance/414	Ca saturated,...		435	660
https://www.fluorophores.tugraz.at/substance/1019	Ca free	7.20	471	670
https://www.fluorophores.tugraz.at/substance/413	Ca saturated	7.20	336	505
https://www.fluorophores.tugraz.at/substance/1020	Ca free	7.20	366	515
https://www.fluorophores.tugraz.at/substance/1209	Phspe Buffer ...		549, 548, 547	554
https://www.fluorophores.tugraz.at/substance/1208	Phspe Buffer ...		549, 548, 547	554
https://www.fluorophores.tugraz.at/substance/1191	TE buffer wit...		507, 272	528
https://www.fluorophores.tugraz.at/substance/1190	TE buffer wit...		522, 280	593
https://www.fluorophores.tugraz.at/substance/1042			398	510
https://www.fluorophores.tugraz.at/substance/1245	water : glyce...			685
https://www.fluorophores.tugraz.at/substance/1039			602	626
https://www.fluorophores.tugraz.at/substance/1222	Water or DMSO		641	662
https://www.fluorophores.tugraz.at/substance/681			622, 322	644
https://www.fluorophores.tugraz.at/substance/682			635	652
https://www.fluorophores.tugraz.at/substance/683			498	507
https://www.fluorophores.tugraz.at/substance/684			504	536
https://www.fluorophores.tugraz.at/substance/685			582	616
https://www.fluorophores.tugraz.at/substance/686			584	608
https://www.fluorophores.tugraz.at/substance/1257	water : glyce...		437	682
https://www.fluorophores.tugraz.at/substance/1311	water : glyce...		439	685
https://www.fluorophores.tugraz.at/substance/129	water			727
https://www.fluorophores.tugraz.at/substance/1049			488	504
https://www.fluorophores.tugraz.at/substance/1235	water : glyce...		441, 440	679
https://www.fluorophores.tugraz.at/substance/1330	water : glyce...		441	682
https://www.fluorophores.tugraz.at/substance/1080		7.00	497	526
https://www.fluorophores.tugraz.at/substance/1081		7.00	550	566
https://www.fluorophores.tugraz.at/substance/1082			649	673
https://www.fluorophores.tugraz.at/substance/1083		7.40	678	624
https://www.fluorophores.tugraz.at/substance/1084			750	782
https://www.fluorophores.tugraz.at/substance/1085	H2O		552	567
https://www.fluorophores.tugraz.at/substance/1086	H2O		577	668
https://www.fluorophores.tugraz.at/substance/1087	H2O		750	776
https://www.fluorophores.tugraz.at/substance/1034			508	516
https://www.fluorophores.tugraz.at/substance/258	DNA		352	455
https://www.fluorophores.tugraz.at/substance/1069			348	455
https://www.fluorophores.tugraz.at/substance/463	DMF		354	486
https://www.fluorophores.tugraz.at/substance/464	H2O		345	507
https://www.fluorophores.tugraz.at/substance/130	water		545	560
https://www.fluorophores.tugraz.at/substance/32	NaOH 0.01 M	12.00	455	510
https://www.fluorophores.tugraz.at/substance/48	HCl 0.01 M	2.00	404, 369	509, 445
https://www.fluorophores.tugraz.at/substance/65	HCl 0.1 M	1.00	404, 369	509, 440
https://www.fluorophores.tugraz.at/substance/66	HCl 1 M		404, 369	503, 443
https://www.fluorophores.tugraz.at/substance/67	HCl concentra...		407, 373	448
https://www.fluorophores.tugraz.at/substance/1327	water : gylce...		442	684
https://www.fluorophores.tugraz.at/substance/412	Ca saturated	7.20	224	404
https://www.fluorophores.tugraz.at/substance/1021	Ca free	7.20	346	479
https://www.fluorophores.tugraz.at/substance/584	chloroform		450, 421	545
https://www.fluorophores.tugraz.at/substance/583	chloroform			611, 564
https://www.fluorophores.tugraz.at/substance/820	chloroform		793	818
https://www.fluorophores.tugraz.at/substance/821	chloroform		804	832
https://www.fluorophores.tugraz.at/substance/774	Toluene		550, 404	672
https://www.fluorophores.tugraz.at/substance/1184	PBS	7.40	648	665
https://www.fluorophores.tugraz.at/substance/1185	PBS	7.40	648	665
https://www.fluorophores.tugraz.at/substance/1182	PBS	7.40	648	665
https://www.fluorophores.tugraz.at/substance/1183	PBS	7.40	648	665
https://www.fluorophores.tugraz.at/substance/1181	PBS	7.40	648	665
https://www.fluorophores.tugraz.at/substance/1180	PBS	7.40	648	665
https://www.fluorophores.tugraz.at/substance/1179	PBS	7.40	676	693
https://www.fluorophores.tugraz.at/substance/1178	PBS	7.40	676	693
https://www.fluorophores.tugraz.at/substance/1176	Methanol		679	694
https://www.fluorophores.tugraz.at/substance/1174	PBS	7.40	671	693
https://www.fluorophores.tugraz.at/substance/1175	PBS	7.40	671	693
https://www.fluorophores.tugraz.at/substance/1177	PBS	7.40	673	693
https://www.fluorophores.tugraz.at/substance/1173	PBS	7.40	673	693
https://www.fluorophores.tugraz.at/substance/1172	PBS	7.40	671	693
https://www.fluorophores.tugraz.at/substance/1171	PBS	7.40	673	693
https://www.fluorophores.tugraz.at/substance/756	TE	7.50	685	705
https://www.fluorophores.tugraz.at/substance/755	Phosphate	7.40	698	700
https://www.fluorophores.tugraz.at/substance/754	Phosphate	7.40	689	699
https://www.fluorophores.tugraz.at/substance/1188	Methanol		680	687
https://www.fluorophores.tugraz.at/substance/1166	PBS	7.40	689	699
https://www.fluorophores.tugraz.at/substance/1170	PBS	7.40	759	774
https://www.fluorophores.tugraz.at/substance/1169	PBS	7.40	759	774
https://www.fluorophores.tugraz.at/substance/1168	PBS	7.40	759	774
https://www.fluorophores.tugraz.at/substance/757	TE	7.50	795	819
https://www.fluorophores.tugraz.at/substance/759	Phosphate	7.40	774	789
https://www.fluorophores.tugraz.at/substance/1162	PBS	7.40	773	792
https://www.fluorophores.tugraz.at/substance/1163	PBS	7.40	773	792
https://www.fluorophores.tugraz.at/substance/1160	PBS/Methanol ...		773	792
https://www.fluorophores.tugraz.at/substance/1161	Methanol		778	795
https://www.fluorophores.tugraz.at/substance/1158	Methanol		778	795
https://www.fluorophores.tugraz.at/substance/1159	Water	6.00	773	792
https://www.fluorophores.tugraz.at/substance/758	Phosphate	7.40	767	786
https://www.fluorophores.tugraz.at/substance/1165	Methanol		770	786
https://www.fluorophores.tugraz.at/substance/1164	Water	6.50	767	785
https://www.fluorophores.tugraz.at/substance/1187	Methanol		782	
https://www.fluorophores.tugraz.at/substance/1186	PBS	7.40	738	
https://www.fluorophores.tugraz.at/substance/1238	water : glyce...		434	682
https://www.fluorophores.tugraz.at/substance/411	H 8.2 buffer ...		593, 499	896, 746, 595
https://www.fluorophores.tugraz.at/substance/259	buffer 1 per...	8.20	593, 499	896, 746, 595
https://www.fluorophores.tugraz.at/substance/260	DNA		530, 500	544
https://www.fluorophores.tugraz.at/substance/1079			401	681
https://www.fluorophores.tugraz.at/substance/465			508	520
https://www.fluorophores.tugraz.at/substance/1047			574	583
https://www.fluorophores.tugraz.at/substance/1319	water : glyce...		438	683
https://www.fluorophores.tugraz.at/substance/1320	water : glyce...		441	683
https://www.fluorophores.tugraz.at/substance/1193	Water or DMSO		549	561
https://www.fluorophores.tugraz.at/substance/131	water		490	490
https://www.fluorophores.tugraz.at/substance/687			560	711
https://www.fluorophores.tugraz.at/substance/1321	water : glyce...		441	683
https://www.fluorophores.tugraz.at/substance/1027			570	591
https://www.fluorophores.tugraz.at/substance/688		7.20	367	526
https://www.fluorophores.tugraz.at/substance/690		7.20	653, 280	669
https://www.fluorophores.tugraz.at/substance/691		8.00	498, 276	526
https://www.fluorophores.tugraz.at/substance/692		7.20	752	776
https://www.fluorophores.tugraz.at/substance/693		7.20	595	613
https://www.fluorophores.tugraz.at/substance/694		8.00	404, 278	455
https://www.fluorophores.tugraz.at/substance/689		8.00	343, 282	441
https://www.fluorophores.tugraz.at/substance/261	DNA		568	580
https://www.fluorophores.tugraz.at/substance/410	H2O		428	544
https://www.fluorophores.tugraz.at/substance/492	H2O		431, 348, 280	542
https://www.fluorophores.tugraz.at/substance/262	H2O		428, 347, 330	544
https://www.fluorophores.tugraz.at/substance/30	Acetate 10 mM	5.00	428	535
https://www.fluorophores.tugraz.at/substance/539			506	528
https://www.fluorophores.tugraz.at/substance/540			599	610
https://www.fluorophores.tugraz.at/substance/868	Toluene		528, 491, 461	624, 575, 536
https://www.fluorophores.tugraz.at/substance/748	Polystyren		575, 553, 442	610
https://www.fluorophores.tugraz.at/substance/749	Polystyren		575, 553, 442	610
https://www.fluorophores.tugraz.at/substance/409		5.00	249	424
https://www.fluorophores.tugraz.at/substance/408	pH 5		274	502
https://www.fluorophores.tugraz.at/substance/264		5.00	274	502
https://www.fluorophores.tugraz.at/substance/1022		3.00	388	543
https://www.fluorophores.tugraz.at/substance/407	pH 9		335	530
https://www.fluorophores.tugraz.at/substance/695	methanol		394, 373, 355	422, 400
https://www.fluorophores.tugraz.at/substance/406	MeOH		394, 373, 355	445, 422, 400
https://www.fluorophores.tugraz.at/substance/405	MeOH		503	509
https://www.fluorophores.tugraz.at/substance/404	MeOH		577	589
https://www.fluorophores.tugraz.at/substance/696		5.00	488	565
https://www.fluorophores.tugraz.at/substance/1078			401	654
https://www.fluorophores.tugraz.at/substance/598	Chloroform		535	584, 491
https://www.fluorophores.tugraz.at/substance/599	Chloroform		452	484
https://www.fluorophores.tugraz.at/substance/601	Chloroform		452	484
https://www.fluorophores.tugraz.at/substance/403	Mg saturated,...		507	650
https://www.fluorophores.tugraz.at/substance/468	toluene		581, 544, 410	638, 582
https://www.fluorophores.tugraz.at/substance/402	Mg saturated	7.05	550	574
https://www.fluorophores.tugraz.at/substance/472	PrOH		668, 605, 344	740, 671
https://www.fluorophores.tugraz.at/substance/473	pyridine		674, 609	749, 678
https://www.fluorophores.tugraz.at/substance/1060	toluene		427	664
https://www.fluorophores.tugraz.at/substance/474	toluene		426	663, 608
https://www.fluorophores.tugraz.at/substance/699	acetonitrile		628, 444	422, 400
https://www.fluorophores.tugraz.at/substance/132	water		610	620
https://www.fluorophores.tugraz.at/substance/401		8.00	279	464
https://www.fluorophores.tugraz.at/substance/290			540	553
https://www.fluorophores.tugraz.at/substance/700		8.00	394	490
https://www.fluorophores.tugraz.at/substance/291	0		587	610
https://www.fluorophores.tugraz.at/substance/475	EtOH		559	579
https://www.fluorophores.tugraz.at/substance/1228	PBS (1X)	7.40	209	720
https://www.fluorophores.tugraz.at/substance/1228	PBS (1X)	7.40	209	418
https://www.fluorophores.tugraz.at/substance/1228	PBS (1X) + 1n...	7.40	246	687
https://www.fluorophores.tugraz.at/substance/292			665	692
https://www.fluorophores.tugraz.at/substance/293			664	690
https://www.fluorophores.tugraz.at/substance/295			504, 478	562, 537
https://www.fluorophores.tugraz.at/substance/1299	water : glyce...		625	686
https://www.fluorophores.tugraz.at/substance/1304	water : glyce...		440	682
https://www.fluorophores.tugraz.at/substance/1316	water : glyce...		442	681
https://www.fluorophores.tugraz.at/substance/701	methanol		641	662
https://www.fluorophores.tugraz.at/substance/400	MeOH		490	512
https://www.fluorophores.tugraz.at/substance/399	MeOH		551, 357	575
https://www.fluorophores.tugraz.at/substance/398	MeOH		578	598
https://www.fluorophores.tugraz.at/substance/397		8.00	301	491
https://www.fluorophores.tugraz.at/substance/1139			395	489
https://www.fluorophores.tugraz.at/substance/1246	water : glyce...		438	688
https://www.fluorophores.tugraz.at/substance/296			546	562
https://www.fluorophores.tugraz.at/substance/1090			548	564
https://www.fluorophores.tugraz.at/substance/297			589	649
https://www.fluorophores.tugraz.at/substance/298			597	624
https://www.fluorophores.tugraz.at/substance/702		7.40	555	
https://www.fluorophores.tugraz.at/substance/1076			585	607
https://www.fluorophores.tugraz.at/substance/299	0		590	612
https://www.fluorophores.tugraz.at/substance/300	0		574	596
https://www.fluorophores.tugraz.at/substance/301	0		568	585
https://www.fluorophores.tugraz.at/substance/31	Toluol		527, 490, 460	622, 576, 536
https://www.fluorophores.tugraz.at/substance/1127			340	466
https://www.fluorophores.tugraz.at/substance/1331	water : glyce...		436	676
https://www.fluorophores.tugraz.at/substance/1256	water : glyce...		438	688
https://www.fluorophores.tugraz.at/substance/476	cyclohexane		286, 275, 266	334, 322
https://www.fluorophores.tugraz.at/substance/840	Water		273	331
https://www.fluorophores.tugraz.at/substance/846	NaOH 0.1 M	12.00	598	671
https://www.fluorophores.tugraz.at/substance/846	HCl 0.1 M	1.00	514	572
https://www.fluorophores.tugraz.at/substance/396	MeOH		467, 334	538
https://www.fluorophores.tugraz.at/substance/1305	water : glyce...		441	684
https://www.fluorophores.tugraz.at/substance/395	RNA		495	524
https://www.fluorophores.tugraz.at/substance/541	EtOH		627	663
https://www.fluorophores.tugraz.at/substance/394	EtOH		631	660
https://www.fluorophores.tugraz.at/substance/479	MeOH		625, 321	659
https://www.fluorophores.tugraz.at/substance/478	EtOH		627	652, 623
https://www.fluorophores.tugraz.at/substance/393	phospholipid ...		553	636
https://www.fluorophores.tugraz.at/substance/480	Dioxane		523, 304	580
https://www.fluorophores.tugraz.at/substance/63	Methanol		552	636
https://www.fluorophores.tugraz.at/substance/703	glyceryl trio...		510	583
https://www.fluorophores.tugraz.at/substance/7	Methanol		626, 323, 277	657
https://www.fluorophores.tugraz.at/substance/437			763	789
https://www.fluorophores.tugraz.at/substance/438			664	685
https://www.fluorophores.tugraz.at/substance/439			726	752
https://www.fluorophores.tugraz.at/substance/440			629	650
https://www.fluorophores.tugraz.at/substance/441	MeOH		792	811
https://www.fluorophores.tugraz.at/substance/481	benzene		532, 499, 400	690, 655, 623
https://www.fluorophores.tugraz.at/substance/1221	H2O, entrappe...		708	735
https://www.fluorophores.tugraz.at/substance/1218	H2O, entrappe...		692	717
https://www.fluorophores.tugraz.at/substance/1306	water : glyce...		466	680
https://www.fluorophores.tugraz.at/substance/704			547	567
https://www.fluorophores.tugraz.at/substance/392	pH 8		498, 332	526
https://www.fluorophores.tugraz.at/substance/705			504	536
https://www.fluorophores.tugraz.at/substance/391	pH 8		513	533
https://www.fluorophores.tugraz.at/substance/1307	water : glyce...		435	681
https://www.fluorophores.tugraz.at/substance/543	EtOH		646	661
https://www.fluorophores.tugraz.at/substance/542	EtOH		665	677
https://www.fluorophores.tugraz.at/substance/482	MeOH		643	665
https://www.fluorophores.tugraz.at/substance/483	MeOH		614, 321	641
https://www.fluorophores.tugraz.at/substance/1290	dichlorometha...		620	633
https://www.fluorophores.tugraz.at/substance/1040			380	445
https://www.fluorophores.tugraz.at/substance/493	cyclohexane		363, 348, 293	363
https://www.fluorophores.tugraz.at/substance/495	cyclohexane		276	338, 323
https://www.fluorophores.tugraz.at/substance/431	0		502	516
https://www.fluorophores.tugraz.at/substance/432	0		400	516
https://www.fluorophores.tugraz.at/substance/706		8.00	404, 278	455
https://www.fluorophores.tugraz.at/substance/302	pH 7.2 buffer		400	551
https://www.fluorophores.tugraz.at/substance/595	toluene		629, 444	797
https://www.fluorophores.tugraz.at/substance/1328	water : glyce...		436	679
https://www.fluorophores.tugraz.at/substance/633	toluene		601, 408	791
https://www.fluorophores.tugraz.at/substance/60	chroroform		552, 519, 407	670
https://www.fluorophores.tugraz.at/substance/544			672, 626, 483	693
https://www.fluorophores.tugraz.at/substance/484	cyclohexane		436, 409, 388	499, 464, 436
https://www.fluorophores.tugraz.at/substance/545	CHCl3		438, 411, 389	476, 450
https://www.fluorophores.tugraz.at/substance/824	D4 hydrogel, ...	3.50	528	558
https://www.fluorophores.tugraz.at/substance/825	D4 hydrogel, ...	3.50	528	558
https://www.fluorophores.tugraz.at/substance/826	D4 hydrogel, ...	3.50	528	558
https://www.fluorophores.tugraz.at/substance/832	Tetrahydrofur...		627	725
https://www.fluorophores.tugraz.at/substance/834	Tetrahydrofur...		631	
https://www.fluorophores.tugraz.at/substance/827	D4 hydrogel, ...	3.50	528	558
https://www.fluorophores.tugraz.at/substance/835	Dichlorometha...		528	558
https://www.fluorophores.tugraz.at/substance/828	D4 hydrogel, ...	3.50	596	627
https://www.fluorophores.tugraz.at/substance/546	CHCl3		526, 490, 458	573, 532
https://www.fluorophores.tugraz.at/substance/833	Tetrahydrofur...		656	
https://www.fluorophores.tugraz.at/substance/1254	water : glyce...		670	676
https://www.fluorophores.tugraz.at/substance/485	hexane		271	292
https://www.fluorophores.tugraz.at/substance/486	pH 7.1		258	279
https://www.fluorophores.tugraz.at/substance/1300	water : glyce...		569	670
https://www.fluorophores.tugraz.at/substance/707		4.00	560	587
https://www.fluorophores.tugraz.at/substance/487	chloronaphtha...		699, 664, 603	782, 736, 701
https://www.fluorophores.tugraz.at/substance/708			502, 367	522
https://www.fluorophores.tugraz.at/substance/488	MeOH		604, 561	621
https://www.fluorophores.tugraz.at/substance/489	hexane		325	476
https://www.fluorophores.tugraz.at/substance/750	toluene		614, 564, 430	770
https://www.fluorophores.tugraz.at/substance/1230	water : glyce...		437	681
https://www.fluorophores.tugraz.at/substance/303	Bangs Lab		391, 374	428, 406
https://www.fluorophores.tugraz.at/substance/200	DNA		280	457
https://www.fluorophores.tugraz.at/substance/201	DNA		539	571
https://www.fluorophores.tugraz.at/substance/304	50 mM carbona...	9.40	510	576
https://www.fluorophores.tugraz.at/substance/181	DNA		259	457
https://www.fluorophores.tugraz.at/substance/182	DNA		263	574
https://www.fluorophores.tugraz.at/substance/490	cyclohexane		376, 356, 339	429, 407, 384
https://www.fluorophores.tugraz.at/substance/491	toluene		491, 396	683, 617
https://www.fluorophores.tugraz.at/substance/1061	cyclohexane		303	354
https://www.fluorophores.tugraz.at/substance/203	phosphoprotei...		553	583
https://www.fluorophores.tugraz.at/substance/709			556	583
https://www.fluorophores.tugraz.at/substance/204	acidic glycop...		289	530
https://www.fluorophores.tugraz.at/substance/710			289	530
https://www.fluorophores.tugraz.at/substance/494		7.00	444	511
https://www.fluorophores.tugraz.at/substance/1102	PBS		354	431
https://www.fluorophores.tugraz.at/substance/1103			290	423
https://www.fluorophores.tugraz.at/substance/1104	EtOH		418	467
https://www.fluorophores.tugraz.at/substance/1105	buffer	9.00	494	521
https://www.fluorophores.tugraz.at/substance/1107	PBS		491	516
https://www.fluorophores.tugraz.at/substance/1106	EtOH		484	557
https://www.fluorophores.tugraz.at/substance/1108	EtOH		498	628
https://www.fluorophores.tugraz.at/substance/1109	EtOH		504	530
https://www.fluorophores.tugraz.at/substance/1110	EtOH		512	592
https://www.fluorophores.tugraz.at/substance/1111	EtOH		514	648
https://www.fluorophores.tugraz.at/substance/1112	EtOH		521	664
https://www.fluorophores.tugraz.at/substance/1113	EtOH		539	561
https://www.fluorophores.tugraz.at/substance/1114	EtOH		551	572
https://www.fluorophores.tugraz.at/substance/1115	EtOH		558	573
https://www.fluorophores.tugraz.at/substance/1116	EtOH		581	598
https://www.fluorophores.tugraz.at/substance/1117	EtOH		610	630
https://www.fluorophores.tugraz.at/substance/1118	EtOH		637	657
https://www.fluorophores.tugraz.at/substance/1119	EtOH		653	672
https://www.fluorophores.tugraz.at/substance/1120	EtOH		673	694
https://www.fluorophores.tugraz.at/substance/1121	EtOH		690	709
https://www.fluorophores.tugraz.at/substance/1122	EtOH		704	723
https://www.fluorophores.tugraz.at/substance/1123	EtOH		748	772
https://www.fluorophores.tugraz.at/substance/1124	EtOH		770	788
https://www.fluorophores.tugraz.at/substance/1125	EtOH		784	802
https://www.fluorophores.tugraz.at/substance/1126	EtOH		843	884
https://www.fluorophores.tugraz.at/substance/202	DNA		305	617
https://www.fluorophores.tugraz.at/substance/1322	water : glyce...		439	683
https://www.fluorophores.tugraz.at/substance/1096			380	637
https://www.fluorophores.tugraz.at/substance/1239	water : glyce...		440	680
https://www.fluorophores.tugraz.at/substance/1240	water : glyce...		437	687
https://www.fluorophores.tugraz.at/substance/792	dichlorometha...		980	803, 700, 654, 480
https://www.fluorophores.tugraz.at/substance/791	dichlorometha...		980	671, 551, 527
https://www.fluorophores.tugraz.at/substance/635	toluene		536	647
https://www.fluorophores.tugraz.at/substance/634	chloroform		398	760
https://www.fluorophores.tugraz.at/substance/61	chloroform		540, 507, 392	650
https://www.fluorophores.tugraz.at/substance/1308	water : glyce...		465	680
https://www.fluorophores.tugraz.at/substance/496	cyclohexane		335, 319, 305	390, 381, 348
https://www.fluorophores.tugraz.at/substance/1291	dichlorometha...		536	676
https://www.fluorophores.tugraz.at/substance/136	water		506	524
https://www.fluorophores.tugraz.at/substance/137	water		550	564
https://www.fluorophores.tugraz.at/substance/138	water		574	585
https://www.fluorophores.tugraz.at/substance/139	water		598	604
https://www.fluorophores.tugraz.at/substance/140	water			654
https://www.fluorophores.tugraz.at/substance/141	water			706
https://www.fluorophores.tugraz.at/substance/142	water			799
https://www.fluorophores.tugraz.at/substance/1098			501	0
https://www.fluorophores.tugraz.at/substance/1101			601	904
https://www.fluorophores.tugraz.at/substance/711		7.20	300	525
https://www.fluorophores.tugraz.at/substance/712		7.20	300	543
https://www.fluorophores.tugraz.at/substance/713		7.20	545, 300	564
https://www.fluorophores.tugraz.at/substance/714		7.20	575, 300	588
https://www.fluorophores.tugraz.at/substance/715		7.20	599, 300	603
https://www.fluorophores.tugraz.at/substance/716		7.20	300	621
https://www.fluorophores.tugraz.at/substance/717		7.20	300	654
https://www.fluorophores.tugraz.at/substance/718		7.20	300	702
https://www.fluorophores.tugraz.at/substance/719		7.20	300	792
https://www.fluorophores.tugraz.at/substance/547			493, 468, 380	656
https://www.fluorophores.tugraz.at/substance/722		7.50	574, 260	792
https://www.fluorophores.tugraz.at/substance/723	methanol		561	792
https://www.fluorophores.tugraz.at/substance/724	methanol		562, 261	792
https://www.fluorophores.tugraz.at/substance/720	methanol		660, 389	792
https://www.fluorophores.tugraz.at/substance/721	methanol		475, 329	792
https://www.fluorophores.tugraz.at/substance/205	0.5 M sulfuri...		251	460
https://www.fluorophores.tugraz.at/substance/498	0.5M H2SO4		346, 316	451
https://www.fluorophores.tugraz.at/substance/725	0.5 M sulfuri...		349	461
https://www.fluorophores.tugraz.at/substance/320	100 mM sodium...	7.00	566	575
https://www.fluorophores.tugraz.at/substance/219	pH 7.5		565	576
https://www.fluorophores.tugraz.at/substance/726		7.20	592	606
https://www.fluorophores.tugraz.at/substance/436	saline (PO4) ...		596	608
https://www.fluorophores.tugraz.at/substance/1028			535	587
https://www.fluorophores.tugraz.at/substance/1077			579	594
https://www.fluorophores.tugraz.at/substance/45	TRIS 10 mM	9.00	572, 290	583
https://www.fluorophores.tugraz.at/substance/206	pH 9		571	584
https://www.fluorophores.tugraz.at/substance/207	Ca saturated,...		553	577
https://www.fluorophores.tugraz.at/substance/548			658, 604	683
https://www.fluorophores.tugraz.at/substance/217		7.00	558	575
https://www.fluorophores.tugraz.at/substance/1292	dichlorometha...		557	577
https://www.fluorophores.tugraz.at/substance/504	EtOH		530, 349	552
https://www.fluorophores.tugraz.at/substance/58	Methanol		528, 348	550
https://www.fluorophores.tugraz.at/substance/9	Methanol		545, 356	566
https://www.fluorophores.tugraz.at/substance/1295	dichlorometha...		566	590
https://www.fluorophores.tugraz.at/substance/208	pH 7		497	520
https://www.fluorophores.tugraz.at/substance/499	EtOH		512, 332	531
https://www.fluorophores.tugraz.at/substance/209	MeOH		507	529
https://www.fluorophores.tugraz.at/substance/39	Methanol		545, 355	566
https://www.fluorophores.tugraz.at/substance/505	EtOH		543, 355	565
https://www.fluorophores.tugraz.at/substance/210	pH 7		497	523
https://www.fluorophores.tugraz.at/substance/830	Water	5.00	560	589
https://www.fluorophores.tugraz.at/substance/831	Water		531	561
https://www.fluorophores.tugraz.at/substance/727		7.00	558	575
https://www.fluorophores.tugraz.at/substance/728		8.00	573, 278	591
https://www.fluorophores.tugraz.at/substance/216		8.00	573	591
https://www.fluorophores.tugraz.at/substance/829	Water	5.10	563	587
https://www.fluorophores.tugraz.at/substance/218		8.00	499	524
https://www.fluorophores.tugraz.at/substance/1236	water : glyce...		436	682
https://www.fluorophores.tugraz.at/substance/1237	water : glyce...		436	683
https://www.fluorophores.tugraz.at/substance/506	EtOH		443, 353	531
https://www.fluorophores.tugraz.at/substance/507	basic EtOH		559, 520, 323	571
https://www.fluorophores.tugraz.at/substance/1241	water : glyce...		442	678
https://www.fluorophores.tugraz.at/substance/1337	PBS	7.40	775	797
https://www.fluorophores.tugraz.at/substance/1074			397	511
https://www.fluorophores.tugraz.at/substance/220	Na saturated	7.00	337	527
https://www.fluorophores.tugraz.at/substance/1023	Na zero	7.00	341	559
https://www.fluorophores.tugraz.at/substance/1247	water : glyce...		437	688
https://www.fluorophores.tugraz.at/substance/1323	water : glyce...		438	683
https://www.fluorophores.tugraz.at/substance/1248	water : glyce...		436	688
https://www.fluorophores.tugraz.at/substance/321	100 mM sodium...	7.20	548	664, 574
https://www.fluorophores.tugraz.at/substance/322	100 mM sodium...	7.20	609	662
https://www.fluorophores.tugraz.at/substance/1269	phosphate buf...	7.40	372	479
https://www.fluorophores.tugraz.at/substance/1271	phosphate buf...	7.40	401	452
https://www.fluorophores.tugraz.at/substance/1267	water		469	520
https://www.fluorophores.tugraz.at/substance/1270	phosphate buf...	7.40	554	570
https://www.fluorophores.tugraz.at/substance/801	phosphate buf...	7.40	633	644
https://www.fluorophores.tugraz.at/substance/1272	phosphate buf...	7.40	646	656
https://www.fluorophores.tugraz.at/substance/1268	phosphate buf...	7.40	651	670
https://www.fluorophores.tugraz.at/substance/1273	phosphate buf...	7.40	661	671
https://www.fluorophores.tugraz.at/substance/1286	carbonate buf...		674	694
https://www.fluorophores.tugraz.at/substance/1280	phosphate buf...	7.40	688	705
https://www.fluorophores.tugraz.at/substance/1278	phosphate buf...	7.40	756	783
https://www.fluorophores.tugraz.at/substance/1277	phosphate buf...	7.40	754	779
https://www.fluorophores.tugraz.at/substance/1279	phosphate buf...	7.40	777	808
https://www.fluorophores.tugraz.at/substance/1288	phosphate buf...	7.40	681	703
https://www.fluorophores.tugraz.at/substance/1283	phoshate buff...	7.40		
https://www.fluorophores.tugraz.at/substance/1284	phosphate buf...	7.40	566	672
https://www.fluorophores.tugraz.at/substance/1282	PB	7.40	481	676
https://www.fluorophores.tugraz.at/substance/1152	Water		224	476
https://www.fluorophores.tugraz.at/substance/1151	Phosphate buf...	7.40	404	517
https://www.fluorophores.tugraz.at/substance/1266	water		425	547
https://www.fluorophores.tugraz.at/substance/1333	phosphate buf...	7.40	650	694
https://www.fluorophores.tugraz.at/substance/1281	phosphate buf...	7.40	648	694
https://www.fluorophores.tugraz.at/substance/1276	phosphate buf...	7.40	664	712
https://www.fluorophores.tugraz.at/substance/1275	phosphate buf...	7.40	673	691
https://www.fluorophores.tugraz.at/substance/1274	phosphate buf...	7.40	683	704
https://www.fluorophores.tugraz.at/substance/1233	water : glyce...		418	683
https://www.fluorophores.tugraz.at/substance/133	water		745	878
https://www.fluorophores.tugraz.at/substance/442			666	695
https://www.fluorophores.tugraz.at/substance/443			764	800
https://www.fluorophores.tugraz.at/substance/1033			667	697
https://www.fluorophores.tugraz.at/substance/444			765	803
https://www.fluorophores.tugraz.at/substance/221	Na saturated,...		507	532
https://www.fluorophores.tugraz.at/substance/1073	50 mM carbona...	9.40	391	491
https://www.fluorophores.tugraz.at/substance/323			434	481
https://www.fluorophores.tugraz.at/substance/324			405	449
https://www.fluorophores.tugraz.at/substance/325	0		650	673
https://www.fluorophores.tugraz.at/substance/326			537	556
https://www.fluorophores.tugraz.at/substance/327			498	522
https://www.fluorophores.tugraz.at/substance/328			554	587
https://www.fluorophores.tugraz.at/substance/329			596	615
https://www.fluorophores.tugraz.at/substance/1301	water : glyce...		626	653
https://www.fluorophores.tugraz.at/substance/1287	phosphate buf...	7.40	653	670
https://www.fluorophores.tugraz.at/substance/508	dichlorometha...		628	646
https://www.fluorophores.tugraz.at/substance/509	EtOH		575	612
https://www.fluorophores.tugraz.at/substance/549	Ethylene glyc...		490	618
https://www.fluorophores.tugraz.at/substance/510	hexane		294	345
https://www.fluorophores.tugraz.at/substance/550	EtOH		554, 324	715
https://www.fluorophores.tugraz.at/substance/1199	Phspe Buffer ...		549, 548, 547	554
https://www.fluorophores.tugraz.at/substance/1197	Phspe Buffer ...		549, 548, 547	554
https://www.fluorophores.tugraz.at/substance/1198	Phspe Buffer ...		549, 548, 547	554
https://www.fluorophores.tugraz.at/substance/1201	Phspe Buffer ...		549, 548, 547	554
https://www.fluorophores.tugraz.at/substance/511	EtOH		576, 367	591
https://www.fluorophores.tugraz.at/substance/222	EtOH		578	593
https://www.fluorophores.tugraz.at/substance/10	water		566, 355	584
https://www.fluorophores.tugraz.at/substance/11	water		533, 347	551
https://www.fluorophores.tugraz.at/substance/306	Bangs Lab		541	601
https://www.fluorophores.tugraz.at/substance/551			387	451
https://www.fluorophores.tugraz.at/substance/552			472	506
https://www.fluorophores.tugraz.at/substance/305	Bangs Lab		469	526
https://www.fluorophores.tugraz.at/substance/730			496, 263	539
https://www.fluorophores.tugraz.at/substance/223	DNA		498	522
https://www.fluorophores.tugraz.at/substance/729			509, 284	526
https://www.fluorophores.tugraz.at/substance/1302	water : glyce...		650	682
https://www.fluorophores.tugraz.at/substance/1258	water : glyce...		650	682
https://www.fluorophores.tugraz.at/substance/224	Protein		467	618
https://www.fluorophores.tugraz.at/substance/737			483	500
https://www.fluorophores.tugraz.at/substance/196	DNA		257	525
https://www.fluorophores.tugraz.at/substance/197	DNA		257	506
https://www.fluorophores.tugraz.at/substance/732			489	520
https://www.fluorophores.tugraz.at/substance/198	DNA		258	638
https://www.fluorophores.tugraz.at/substance/199	DNA		258	487
https://www.fluorophores.tugraz.at/substance/733			622, 322	644
https://www.fluorophores.tugraz.at/substance/734			650	681
https://www.fluorophores.tugraz.at/substance/735			618	650
https://www.fluorophores.tugraz.at/substance/637			650	681
https://www.fluorophores.tugraz.at/substance/736			540	559
https://www.fluorophores.tugraz.at/substance/271	buffer with R...		493	528
https://www.fluorophores.tugraz.at/substance/272	buffer		488	616
https://www.fluorophores.tugraz.at/substance/213	DNA		257	470
https://www.fluorophores.tugraz.at/substance/214	DNA		504	524
https://www.fluorophores.tugraz.at/substance/215	DNA		257	570
https://www.fluorophores.tugraz.at/substance/731			640	658
https://www.fluorophores.tugraz.at/substance/1048			397	511
https://www.fluorophores.tugraz.at/substance/270	0		332	585, 544, 488
https://www.fluorophores.tugraz.at/substance/772	phosphate buf...	7.50	360	461
https://www.fluorophores.tugraz.at/substance/269	0		554	581
https://www.fluorophores.tugraz.at/substance/1312	water : glyce...		439	684
https://www.fluorophores.tugraz.at/substance/553	CHCl3		557, 515, 481	616, 568
https://www.fluorophores.tugraz.at/substance/554	CHCl3		652, 599	729, 671
https://www.fluorophores.tugraz.at/substance/747				
https://www.fluorophores.tugraz.at/substance/516	chloroform		624, 554, 339	626
https://www.fluorophores.tugraz.at/substance/517	chlorobenzene		785, 699, 327	793
https://www.fluorophores.tugraz.at/substance/555	CHCl3		475, 445, 419	550, 517, 480
https://www.fluorophores.tugraz.at/substance/512	toluene		500, 406	717, 654
https://www.fluorophores.tugraz.at/substance/513	toluene		427, 404	721, 650
https://www.fluorophores.tugraz.at/substance/738		8.00	552	578
https://www.fluorophores.tugraz.at/substance/225		7.00	555	582
https://www.fluorophores.tugraz.at/substance/514	chloroform   ...		660, 445	687
https://www.fluorophores.tugraz.at/substance/515	toluene		515, 419	717, 649
https://www.fluorophores.tugraz.at/substance/1309	water : glyce...		441	684
https://www.fluorophores.tugraz.at/substance/1255	water : glyce...		436	682
https://www.fluorophores.tugraz.at/substance/739	H2O		592	614
https://www.fluorophores.tugraz.at/substance/740			584	608
https://www.fluorophores.tugraz.at/substance/226		7.20	595	613
https://www.fluorophores.tugraz.at/substance/1317	water : gylce...		437	681
https://www.fluorophores.tugraz.at/substance/1314	water : glyce...		439	682
https://www.fluorophores.tugraz.at/substance/741		7.20	404	526
https://www.fluorophores.tugraz.at/substance/556	EtOH		605	621
https://www.fluorophores.tugraz.at/substance/1140			553	0
https://www.fluorophores.tugraz.at/substance/194	DNA		515	531
https://www.fluorophores.tugraz.at/substance/195	DNA		642	657
https://www.fluorophores.tugraz.at/substance/518	cyclohexane		262	303, 290
https://www.fluorophores.tugraz.at/substance/1045			514	526
https://www.fluorophores.tugraz.at/substance/183	DNA		514	531
https://www.fluorophores.tugraz.at/substance/184	DNA		261	661
https://www.fluorophores.tugraz.at/substance/519	H2O		452, 286	625
https://www.fluorophores.tugraz.at/substance/38	Glycerin		479	613
https://www.fluorophores.tugraz.at/substance/37	Glycerin		467, 441	597
https://www.fluorophores.tugraz.at/substance/1029			550	573
https://www.fluorophores.tugraz.at/substance/1030			554	579
https://www.fluorophores.tugraz.at/substance/520	H2O, PO4 buff...	7.00	278	354
https://www.fluorophores.tugraz.at/substance/521	H2O, pH 7 (PO...		275	303
https://www.fluorophores.tugraz.at/substance/561			400	507
https://www.fluorophores.tugraz.at/substance/742			506	534
https://www.fluorophores.tugraz.at/substance/743			519	563
https://www.fluorophores.tugraz.at/substance/744			369	437
https://www.fluorophores.tugraz.at/substance/433			482	505
https://www.fluorophores.tugraz.at/substance/557			750	770
https://www.fluorophores.tugraz.at/substance/558			685	706
https://www.fluorophores.tugraz.at/substance/559			650	670
https://www.fluorophores.tugraz.at/substance/1031			396	503
https://www.fluorophores.tugraz.at/substance/1041			395	508
https://www.fluorophores.tugraz.at/substance/227	Ca saturated		580	601
https://www.fluorophores.tugraz.at/substance/268			530	550
https://www.fluorophores.tugraz.at/substance/745		7.40	513	530
https://www.fluorophores.tugraz.at/substance/211	DNA		491	506
https://www.fluorophores.tugraz.at/substance/212	DNA		613	629
https://www.fluorophores.tugraz.at/substance/185	DNA		491	508
https://www.fluorophores.tugraz.at/substance/267			482, 457	616, 587, 556
https://www.fluorophores.tugraz.at/substance/266			489	509
https://www.fluorophores.tugraz.at/substance/265			490	512
https://www.fluorophores.tugraz.at/substance/186	DNA		231	631
https://www.fluorophores.tugraz.at/substance/522	toluene		570, 536, 404	625, 571
https://www.fluorophores.tugraz.at/substance/523	pyridine		674, 608	751, 678
https://www.fluorophores.tugraz.at/substance/524	toluene		421	643, 595
https://www.fluorophores.tugraz.at/substance/525	toluene		423	645, 595
https://www.fluorophores.tugraz.at/substance/1032			505	515
https://www.fluorophores.tugraz.at/substance/1036			540	550
